{
    "available_space": true,
    "id": "n",
    "size_max": 32.51736354827881,
    "size_mean": 7.700309192433076,
    "size_min": 0.8496952056884766,
    "total_size": 392.7157688140869
}