{
    "available_space": true,
    "size_max": 32.51736354827881,
    "size_mean": 7.700309192433076,
    "size_min": 0.8496952056884766,
    "total_size": 392.7157688140869,
    "video_list": {
        "N-WISE FEAT. FLAVIO RODRIGUEZ - SLOW JAM-zojdNIIvD-4.mp4": {
            "size": 4.463051795959473
        },
        "NADA ES IMPOSIBLE - DAZONER (VIDEO OFICIAL) _ ALFREDO VALENZUELA-WFmQ9l9wpM8.mp4": {
            "size": 16.392126083374023
        },
        "NEWCLEUS - JAM ON IT.mp4": {
            "size": 32.51736354827881
        },
        "NOFX- 'Stickin' In My Eye'-A2vn18DVSbU.mp4": {
            "size": 6.787362098693848
        },
        "NUEVO HIMNARIO ADVENTISTA 077 Sea Exaltado-DJ-cCXa64VA.mp4": {
            "size": 1.9202384948730469
        },
        "Naciste Con Voz-eMPdBbn7wKA.mp4": {
            "size": 1.405411720275879
        },
        "Nada Ha Cambiado - MTZ Manuel Turizo--dI4oTssDhE.mp4": {
            "size": 13.670825958251953
        },
        "Naim Darrechi - Infiel (Videoclip Oficial)-Zabp-GpmgP0.mp4": {
            "size": 12.490602493286133
        },
        "Narciso Yepes (Romance Anonimo).mp4": {
            "size": 6.5245866775512695
        },
        "Natalia Jim\u00e9nez - Creo en Mi (Official Video)-P2zOb0HGdxg.mp4": {
            "size": 15.029739379882812
        },
        "Native Funk-vJOn_1TD7xQ.mp4": {
            "size": 5.301003456115723
        },
        "Necesito olvidar-Nen1XZlR59k.mp4": {
            "size": 5.549181938171387
        },
        "Never Love Again ~ Sue Thompson (1961)-kxTXLwH_4N4.mp4": {
            "size": 5.6922502517700195
        },
        "Never Meant To Break Your Heart-n3dL1ym8iGo.mp4": {
            "size": 5.896578788757324
        },
        "New Girl - Suicide Machines - WITH LYRICS !-fExADw67zZE.mp4": {
            "size": 2.8524703979492188
        },
        "New Order  - Turn My Way-yuUi6MKyRwU.mp4": {
            "size": 6.349923133850098
        },
        "New Order-Primitive Notion-Oi5QObk7UJ4.mp4": {
            "size": 6.759705543518066
        },
        "New order-Rock the shack--Lr8XG4-J9U.mp4": {
            "size": 5.2011823654174805
        },
        "Ni aguantar ni escapar-o5uCpiz0JAY.mp4": {
            "size": 2.028209686279297
        },
        "Ni negro ni blanco-f-JXtXI28ps.mp4": {
            "size": 6.723813056945801
        },
        "Night Flight (Live).mp4": {
            "size": 23.927611351013184
        },
        "Niles Shepard - Interlaker-A7rpaMawCTU.mp4": {
            "size": 26.580130577087402
        },
        "Ningun Valor - Skalariak-Y7s110difEA.mp4": {
            "size": 5.554875373840332
        },
        "Nirvana - All Apologies (MTV Unplugged)-aWmkuH1k7uA.mp4": {
            "size": 17.447524070739746
        },
        "No Estoy Convencido-RD-t4ptVbrk.mp4": {
            "size": 1.645411491394043
        },
        "No Hay Control-th5iJ1972vY.mp4": {
            "size": 5.692625045776367
        },
        "No Hay Novedad-409dSTluG8o.mp4": {
            "size": 4.6447954177856445
        },
        "No Llores Mas-u7yYsO91OaQ.mp4": {
            "size": 8.541245460510254
        },
        "No Me Vengan A Salvar-WWOuLiYfjV0.mp4": {
            "size": 1.516556739807129
        },
        "No One Else-lX1sf-Z9cbQ.mp4": {
            "size": 3.5393877029418945
        },
        "No Particular Place To Go-Bhx96Nt5hyQ.mp4": {
            "size": 3.072812080383301
        },
        "No Puedes Dejar el Punk-rYH2JKVV-S8.mp4": {
            "size": 3.762814521789551
        },
        "No Se Decirte Adios--DHLJXd79Bw.mp4": {
            "size": 5.139291763305664
        },
        "No Somos Nada - Corina Smith x Kevin Roldan ( Video Oficial )-RCl-vbqAm3c.mp4": {
            "size": 12.344490051269531
        },
        "No Sufras Coraz\u00f3n - Julion Alvarez ( LETRA ) ESTRENO 2019-6X6CSKyYhRM.mp4": {
            "size": 8.283320426940918
        },
        "No Vuelvo Amar - Los Cadetes de Linares-0BmIDmMyfpM.mp4": {
            "size": 7.412017822265625
        },
        "No a la Expo '92-EeF_8dNsVVM.mp4": {
            "size": 4.4531707763671875
        },
        "No me digas que ya te vas-iKj5hG7plxY.mp4": {
            "size": 7.191315650939941
        },
        "No me mates con tomate-VLiyHNojQTE.mp4": {
            "size": 2.8588218688964844
        },
        "No soy Bo Diddley-Nm4LAxfrvic.mp4": {
            "size": 6.087977409362793
        },
        "No te la vas a acabar (En vivo)-INQOThGAHHs.mp4": {
            "size": 5.0892744064331055
        },
        "No tengas miedo de llorar (En vivo)-cNKQMClVBy8.mp4": {
            "size": 5.294430732727051
        },
        "No valgo nada (En vivo)-3_slKT4TxP0.mp4": {
            "size": 4.338574409484863
        },
        "No volver\u00e1-Ka49qcYOD-Q.mp4": {
            "size": 5.443690299987793
        },
        "Noche De Ronda-U0CzzzSpFZg.mp4": {
            "size": 7.416107177734375
        },
        "Nos Creen Demasiado J\u00f3venes Para Reaccionar-bPOa96_Igqw.mp4": {
            "size": 5.348026275634766
        },
        "Nos Quieren Como Siempre-VRcfbOLhAr8.mp4": {
            "size": 0.8496952056884766
        },
        "Not Today - Imagine Dragons (Traducida al Espa\u00f1ol) _ Pelicula - 'Yo antes de ti'-vlfHDUQQYow.mp4": {
            "size": 23.782227516174316
        },
        "Noticia Punk-pKszpPsRO50.mp4": {
            "size": 5.157900810241699
        },
        "Nunca Es Tarde-2CA3vJg58G0.mp4": {
            "size": 4.670605659484863
        },
        "N\u00fcguns-Ld492Q3i7I0.mp4": {
            "size": 2.073413848876953
        }
    }
}